Timestamp,Age Group,Gender,Preferred Tool,Satisfaction (1-5),Feedback,Date,Feedback Length
2024-01-05 09:12:34,18-24,Male,Python,5,Excellent tool for data analysis.,2024-01-05,33
2024-01-07 14:45:22,25-34,Female,R,4,Great for statistical modeling.,2024-01-07,31
2024-01-10 11:30:00,35-44,Non-binary,Excel,3,Useful but limited for large datasets.,2024-01-10,38
2024-01-12 16:20:15,45-54,Female,SQL,4,Efficient for database queries.,2024-01-12,31
2024-01-15 10:05:50,55-64,Male,Tableau,5,Excellent for data visualization.,2024-01-15,33
2024-01-18 13:40:30,25-34,Female,Python,5,Versatile and powerful.,2024-01-18,23
2024-01-20 09:55:10,18-24,Male,R,3,Steep learning curve but rewarding.,2024-01-20,35
2024-01-22 15:25:45,35-44,Female,Excel,4,Good for quick analyses.,2024-01-22,24
2024-01-25 11:15:00,45-54,Non-binary,SQL,5,Robust and reliable.,2024-01-25,20
2024-01-28 14:50:20,55-64,Female,Tableau,4,Interactive dashboards are helpful.,2024-01-28,35
2024-02-01 10:30:00,25-34,Male,Python,5,Great community support.,2024-02-01,24
2024-02-04 13:15:35,18-24,Female,R,4,Excellent for statistical tests.,2024-02-04,32
2024-02-07 09:45:50,35-44,Male,Excel,3,Limited for complex tasks.,2024-02-07,26
2024-02-10 16:10:25,45-54,Female,SQL,5,Handles large datasets efficiently.,2024-02-10,35
2024-02-13 11:55:00,55-64,Non-binary,Tableau,4,User-friendly interface.,2024-02-13,24
2024-02-16 14:35:15,25-34,Female,Python,5,Flexible and powerful.,2024-02-16,22
2024-02-19 09:20:40,18-24,Male,R,3,Requires statistical background.,2024-02-19,32
2024-02-22 15:05:55,35-44,Female,Excel,4,Easy to use.,2024-02-22,12
2024-02-25 10:50:30,45-54,Male,SQL,5,Great for data manipulation.,2024-02-25,28
2024-02-28 13:30:00,55-64,Female,Tableau,4,Visually appealing outputs.,2024-02-28,27
2024-03-03 09:10:15,25-34,Non-binary,Python,5,Highly versatile.,2024-03-03,17
2024-03-06 14:45:40,18-24,Female,R,4,Good for academic research.,2024-03-06,27
2024-03-09 11:25:00,35-44,Male,Excel,3,Basic functionalities.,2024-03-09,22
2024-03-12 16:00:20,45-54,Female,SQL,5,Efficient and reliable.,2024-03-12,23
2024-03-15 10:35:45,55-64,Male,Tableau,4,Great for presentations.,2024-03-15,24
2024-03-18 13:15:30,25-34,Female,Python,5,Excellent libraries available.,2024-03-18,30
2024-03-21 09:55:10,18-24,Male,R,3,Challenging for beginners.,2024-03-21,26
2024-03-24 15:30:00,35-44,Female,Excel,4,Widely used tool.,2024-03-24,17
2024-03-27 11:05:25,45-54,Non-binary,SQL,5,Powerful query capabilities.,2024-03-27,28
2024-03-30 14:40:50,55-64,Female,Tableau,4,Intuitive design.,2024-03-30,17
2024-04-02 10:20:15,25-34,Male,Python,5,Great for automation.,2024-04-02,21
2024-04-05 13:55:40,18-24,Female,R,4,Strong statistical packages.,2024-04-05,28
2024-04-08 09:35:00,35-44,Male,Excel,3,Limited for big data.,2024-04-08,21
2024-04-11 16:10:25,45-54,Female,SQL,5,Reliable performance.,2024-04-11,21
2024-04-14 11:45:50,55-64,Non-binary,Tableau,4,Engaging visuals.,2024-04-14,17
2024-04-17 14:25:15,25-34,Female,Python,5,Extensive community support.,2024-04-17,28
2024-04-20 09:05:30,18-24,Male,R,3,Requires steep learning.,2024-04-20,24
2024-04-23 15:40:00,35-44,Female,Excel,4,Accessible and easy.,2024-04-23,20
2024-04-26 10:15:45,45-54,Male,SQL,5,Handles complex queries.,2024-04-26,24
2024-04-29 13:50:20,55-64,Female,Tableau,4,Professional-looking dashboards.,2024-04-29,32
2024-05-02 09:30:00,25-34,Non-binary,Python,5,Highly adaptable.,2024-05-02,17
2024-05-05 14:05:35,18-24,Female,R,4,Ideal for data science.,2024-05-05,23
2024-05-08 11:45:50,35-44,Male,Excel,3,Basic but useful.,2024-05-08,17
2024-05-11 16:20:25,45-54,Female,SQL,5,Fast and efficient.,2024-05-11,19
2024-05-14 10:55:00,55-64,Male,Tableau,4,Great for storytelling.,2024-05-14,23
2024-05-17 13:35:15,25-34,Female,Python,5,Excellent for scripting.,2024-05-17,24
2024-05-20 09:15:40,18-24,Male,R,3,Not beginner-friendly.,2024-05-20,22
2024-05-23 15:50:55,35-44,Female,Excel,4,Commonly used in offices.,2024-05-23,25
2024-05-26 10:30:30,45-54,Non-binary,SQL,5,Robust data handling.,2024-05-26,21
2024-05-29 13:10:00,55-64,Female,Tableau,4,Visually engaging.,2024-05-29,18
2024-06-01 09:50:15,25-34,Male,Python,5,Great for machine learning.,2024-06-01,27
2024-06-04 14:25:40,18-24,Female,R,4,Strong community support.,2024-06-04,25
